title,company,location,experience,description,skills,salary,url,source,scraped_at
Python Developer with TAS or OCP,Python ,Not specified,Not specified,"Python Developer with TAS or OCPDelviom LLCCharlotte, NC 28202(Third Ward area)An experienceddeveloperwho is hands-on with technology and willing to shuffle roles betweenPythonprogramming, technology risk remediation and team liaison…View allDelviom LLC jobs in Charlotte, NC-Charlotte jobs-Python Developer jobs in Charlotte, NCSalary Search:Python Developer with TAS or OCP salaries in Charlotte, NC",Python,Not specified,https://www.indeed.com/rc/clk?jk=14b5a3a0e5d85100&bb=fgpC9DRJHHCl18Ga09kqF1e1bEKLo4OwzYdVOECmtqiYaDiZxFT8qqswQior8UxLtytfXM9Y0tI10aXs7K_NrQhAfElhzPFAGoQJvxAG7-i4HSCn2soOJ5B5ldx1R6ZxIMdvyWi04vRkYJMNQ5otFg%3D%3D&xkcb=SoDt67M3rbCubigCaj0LbzkdCdPP&fccid=d3ae43e85bedfd92&cmp=Delviom-LLC&ti=Python+Developer&vjs=3,Indeed,2025-10-30T23:44:54.380245
developerwho is hands,Pythonprogramming,Not specified,Not specified,"An experienceddeveloperwho is hands-on with technology and willing to shuffle roles betweenPythonprogramming, technology risk remediation and team liaison…View allDelviom LLC jobs in Charlotte, NC-Charlotte jobs-Python Developer jobs in Charlotte, NCSalary Search:Python Developer with TAS or OCP salaries in Charlotte, NC",Python,Not specified,https://www.indeed.com/jobs?q=python+developer&start=0,Indeed,2025-10-30T23:44:54.384268
Python Developer,Python ,Not specified,Not specified,"Python DeveloperKey2Source INCSt. Louis, MO 63101(Downtown area)***** Required Local Consultants of Saint Louis , MO ******.7+ years professional software experience; with a minimum of 4 years withPython3.x in…View allKey2Source INC jobs in St. Louis, MO-St. Louis jobsSalary Search:Python Developer salaries in St. Louis, MO",Python,Not specified,https://www.indeed.com/rc/clk?jk=618fde979a1d2bd5&bb=fgpC9DRJHHCl18Ga09kqF4_75XzljZQEsYoHrARcJac7-RWJ5r0UHbnJ9g5kY7fPdMLY0GRNcbJ4RjymAN3asBxtYCWZ8Km2dYiKWr7avJholmeZSTN9J8Qsr6zq2l1JtTTb6MGQwF5jHRnSr8bqzQ%3D%3D&xkcb=SoBZ67M3rbCubigCaj0KbzkdCdPP&fccid=75ef1cea5ac42ab8&cmp=Key2Source-INC&ti=Python+Developer&vjs=3,Indeed,2025-10-30T23:44:54.385177
software experience,Required ,Not specified,Not specified,"***** Required Local Consultants of Saint Louis , MO ******.7+ years professional software experience; with a minimum of 4 years withPython3.x in…View allKey2Source INC jobs in St. Louis, MO-St. Louis jobsSalary Search:Python Developer salaries in St. Louis, MO",Python,Not specified,https://www.indeed.com/jobs?q=python+developer&start=0,Indeed,2025-10-30T23:44:54.387834
Senior Python Developer,Senior ,Not specified,Not specified,"Senior Python DeveloperTekisHub Consulting ServicesAustin, TX 78701(Downtown area)Minimum of 4-5 years of experience in building solutions in Python.Experience developing RESTful APIs and micro-services in Python.View allTekisHub Consulting Services jobs in Austin, TX-Austin jobs-Python Developer jobs in Austin, TXSalary Search:Senior Python Developer salaries in Austin, TX","Python, Api",Not specified,https://www.indeed.com/rc/clk?jk=50952845f33457e7&bb=fgpC9DRJHHCl18Ga09kqF3vuvCxGSHVHG6HmEsxMPVK7N5xjBxGRH3NsqPgZFac6Yu7LqwfYQ1hSfMfwyMfooXPcxa6LfLXWJQ--kQ8s7VC9ErbW8v3ONWPaaXM4rxTywJjXR96NLx8xpmtaICztGQ%3D%3D&xkcb=SoDE67M3rbCubigCaj0JbzkdCdPP&fccid=86bf21f313f2ac27&cmp=TekisHub-Consulting-Services&ti=Python+Developer&vjs=3,Indeed,2025-10-30T23:44:54.388439
Python,Minimum ,Not specified,Not specified,"Minimum of 4-5 years of experience in building solutions in Python.Experience developing RESTful APIs and micro-services in Python.View allTekisHub Consulting Services jobs in Austin, TX-Austin jobs-Python Developer jobs in Austin, TXSalary Search:Senior Python Developer salaries in Austin, TX","Python, Api",Not specified,https://www.indeed.com/jobs?q=python+developer&start=0,Indeed,2025-10-30T23:44:54.391222
Python Developer,Python ,Not specified,Not specified,"Python Developeromega solutions incTampa, FL(3-6 years Application Dev exp and strong OO programming.Flask strong preferred but will consider FASTAPI / Django.View allomega solutions inc jobs in Tampa, FL-Tampa jobsSalary Search:Python Developer salaries in Tampa, FLSee popularquestions & answers about omega solutions inc","Python, Django, Flask, Api",Not specified,https://www.indeed.com/rc/clk?jk=a95ee1a6c2ff7aa7&bb=fgpC9DRJHHCl18Ga09kqF7R3-Dk_SXUrWXt3zllCNd9uG_5-p9K2m-kMub9083-NASsC--xb1SgFQVAKqkp9yezpTQOvDd22IGkkNth0d0VsHSs-Ou5m8fsxXax8qHQyEmTx_TmXxYPZETt9grhXvg%3D%3D&xkcb=SoBw67M3rbCubigCaj0IbzkdCdPP&fccid=9e399301940ed66e&vjs=3,Indeed,2025-10-30T23:44:54.391925
Python Developer salaries in Tampa,Application ,Not specified,Not specified,"(3-6 years Application Dev exp and strong OO programming.Flask strong preferred but will consider FASTAPI / Django.View allomega solutions inc jobs in Tampa, FL-Tampa jobsSalary Search:Python Developer salaries in Tampa, FLSee popularquestions & answers about omega solutions inc","Python, Django, Flask, Api",Not specified,https://www.indeed.com/jobs?q=python+developer&start=0,Indeed,2025-10-30T23:44:54.394892
Senior Python Developer,Senior ,Not specified,Not specified,"Senior Python DeveloperPlacify Technologies Private LimitedDallas, TX 75204(Deep Ellum area)Design and developPythonscripts for performance automation across Windows and macOS platforms.Build and maintain desktop automation workflows using PyAutoGUI…View allPlacify Technologies Private Limited jobs in Dallas, TX-Dallas jobs-Python Developer jobs in Dallas, TXSalary Search:Senior Python Developer salaries in Dallas, TX",Python,Not specified,https://www.indeed.com/rc/clk?jk=ad2fcd0a0b1e173b&bb=fgpC9DRJHHCl18Ga09kqF845CuJ2ksyg3ta1Ucy0AU0iWGuODWAohdenOgFA_dOM992U_8o5DzYueMD6Is38Jzq3q55uMBQRR_I-RaNgxshYpc4eP8zgmsKmH0w0R2BheRWHbvMcXzwx19yDlj8F-Q%3D%3D&xkcb=SoD-67M3rbCubigCaj0PbzkdCdPP&fccid=6a37093d51931487&cmp=Placify-Technologies-Private-Limited&ti=Python+Developer&vjs=3,Indeed,2025-10-30T23:44:54.395785
Pythonscripts for performance automation across Windows and macOS platforms,Design ,Not specified,Not specified,"Design and developPythonscripts for performance automation across Windows and macOS platforms.Build and maintain desktop automation workflows using PyAutoGUI…View allPlacify Technologies Private Limited jobs in Dallas, TX-Dallas jobs-Python Developer jobs in Dallas, TXSalary Search:Senior Python Developer salaries in Dallas, TX",Python,Not specified,https://www.indeed.com/jobs?q=python+developer&start=0,Indeed,2025-10-30T23:44:54.399652
Senior Python Developer,Senior ,Not specified,Not specified,"Senior Python DeveloperPlacify Technologies Private LimitedDallas, TX 75204(Deep Ellum area)Design and developPythonscripts for performance automation across Windows and macOS platforms.Build and maintain desktop automation workflows using PyAutoGUI…View allPlacify Technologies Private Limited jobs in Dallas, TX-Dallas jobs-Python Developer jobs in Dallas, TXSalary Search:Senior Python Developer salaries in Dallas, TX",Python,Not specified,https://www.indeed.com/viewjob?jk=890abcdef0123456,Indeed,2025-10-30T23:44:54.400534
Python Engineer,Python ,Not specified,Not specified,"Python EngineerILabz TechnologyDallas, TXDesign and developPythonscripts for performance automation across Windows and macOS platforms.Build and maintain desktop automation workflows using PyAutoGUI…View allILabz Technology jobs in Dallas, TX-Dallas jobs-Python Developer jobs in Dallas, TXSalary Search:Python Engineer salaries in Dallas, TX",Python,Not specified,https://www.indeed.com/rc/clk?jk=2375b93785eb26fe&bb=fgpC9DRJHHCl18Ga09kqFwzSiCoTLQJ1dfQRtK4-pxkVoQhNQcNZ4dJZ51gfA3s4kZpaoB1oAHNHw7xlHVsKiLD9jp0Kdhppi8p5CFsaHg6E1RMz16xr6sj_Im-_SV-pckYe7RMhClnpCIlOHR-5bg%3D%3D&xkcb=SoBK67M3rbCubigCaj0ObzkdCdPP&fccid=9a4313046b5737c1&cmp=iLabz-Technology-LLP&ti=Python+Developer&vjs=3,Indeed,2025-10-30T23:44:54.406966
Sr. Python Engineer,Python ,Not specified,Not specified,"Sr. Python EngineerX-Bow SystemsLuling, TX 78648Health insurance401(k) matchingPaid time offVision insuranceDental insurancePaid holidaysOur mission is to make complex industrial systems that do this more flexible, reliable, and intuitive - and we need sharp engineers who love solving real-world…View allX-Bow Systems jobs in Luling, TX-Luling jobs-Senior Engineer jobs in Luling, TXSalary Search:Sr. Python Engineer salaries",Python,Not specified,https://www.indeed.com/rc/clk?jk=805de8b2df88ef61&bb=fgpC9DRJHHCl18Ga09kqF0e2D7KS9qVs_AOxmW2CRwIQMhjqbPey3TrUqWyiAyeg592yvNNuvL3jKzFB5zutq0r0udtXMUayRFeBTjVKlkfe47FMKOMikYubYufpwzzLz17qXKIOVHqgPZxceXU3Mw%3D%3D&xkcb=SoBj67M3rbCubigCaj0MbzkdCdPP&fccid=dd616958bd9ddc12&vjs=3,Indeed,2025-10-30T23:44:54.417152
engineers who love solving real,Our ,Not specified,Not specified,"Our mission is to make complex industrial systems that do this more flexible, reliable, and intuitive - and we need sharp engineers who love solving real-world…View allX-Bow Systems jobs in Luling, TX-Luling jobs-Senior Engineer jobs in Luling, TXSalary Search:Sr. Python Engineer salaries",Python,Not specified,https://www.indeed.com/jobs?q=python+developer&start=0,Indeed,2025-10-30T23:44:54.421705
Python Developer,Python ,Not specified,Not specified,"Python DeveloperAlasus TechnologiesMcLean, VADesign, build, and maintain scalable backend applications usingPythonand the Django framework.Implement RESTful APIs and integrate third-party services.View allAlasus Technologies jobs in McLean, VA-McLean jobsSalary Search:Python Developer salaries in McLean, VA","Python, Django, Api",Not specified,https://www.indeed.com/rc/clk?jk=e520db1f0400ba93&bb=fgpC9DRJHHCl18Ga09kqF5zQ4GLsuNN7I2M-fveXitHakmTDkZsj4_gOl5W43VLnpbjE0W6INaeT1bxR-5RW09KaaLd08ng-iQHV8KQNZFGKGfqgFWWvj2ecKlK43D97PDGFdhTpueHh0Kdq80ddFw%3D%3D&xkcb=SoCK67M3rbCubigCaj0DbzkdCdPP&fccid=beab5ea7d4a3f8c6&vjs=3,Indeed,2025-10-30T23:44:54.422873
Pythonand the Django framework,Design,Not specified,Not specified,"Design, build, and maintain scalable backend applications usingPythonand the Django framework.Implement RESTful APIs and integrate third-party services.View allAlasus Technologies jobs in McLean, VA-McLean jobsSalary Search:Python Developer salaries in McLean, VA","Python, Django, Api",Not specified,https://www.indeed.com/jobs?q=python+developer&start=0,Indeed,2025-10-30T23:44:54.432493
Python Developer,Python ,Not specified,Not specified,"Python DeveloperFixity Technologies LLCIrvine, CAHealth insurancePaid time offShould have 2-5 years of strong working experience inpythonincluding Pandas, numpy and FastAPI/Flask frameworks.Should have Graphql knowledge (nice to have).View allFixity Technologies LLC jobs in Irvine, CA-Irvine jobsSalary Search:Python Developer salaries in Irvine, CA","Python, Flask, Api",Not specified,https://www.indeed.com/rc/clk?jk=7267cf0579637d1b&bb=fgpC9DRJHHCl18Ga09kqF0SCHNa0pyKtDLexY2siRBgBWLpUcH_8H008wtsYNfLGCSQoXCw8A2BEFHDNT9B4NQogpEKHvEJwwIrfn_7b3XB6wZ4f7AtDY532q1yErh8_UDN3N4y0PAnHIZ6Ly59nzQ%3D%3D&xkcb=SoA-67M3rbCubigCaj0CbzkdCdPP&fccid=ebb2d60ed9b7d877&vjs=3,Indeed,2025-10-30T23:44:54.434029
pythonincluding Pandas,Should ,Not specified,Not specified,"Should have 2-5 years of strong working experience inpythonincluding Pandas, numpy and FastAPI/Flask frameworks.Should have Graphql knowledge (nice to have).View allFixity Technologies LLC jobs in Irvine, CA-Irvine jobsSalary Search:Python Developer salaries in Irvine, CA","Python, Flask, Api",Not specified,https://www.indeed.com/jobs?q=python+developer&start=0,Indeed,2025-10-30T23:44:54.437850
Python Developer II,Python ,Not specified,Not specified,"Python Developer IIRF-SMARTHybrid work in Jacksonville, FLThe ability to mentor junior developers.Demonstrated experience collaborating with otherdevelopersand key stakeholders to determine the high-level…View allRF-SMART jobs in Jacksonville, FL-Jacksonville jobs-Python Developer jobs in Jacksonville, FLSalary Search:Python Developer II salaries in Jacksonville, FLSee popularquestions & answers about RF-SMART",Python,Not specified,https://www.indeed.com/rc/clk?jk=b6152f35a268914d&bb=fgpC9DRJHHCl18Ga09kqF3rEggffqj8BbVkVI8_C7I-avOrU_GJABzFAvHYbAwSsYV8Pn7LxjdYHLAB-KREpVM7AEuumtUzYXK9gjXIwgIgwexsEaJuHo6lOZ-YlSK1c2tF2v5TjwuMM22ZbJ5cn0g%3D%3D&xkcb=SoCj67M3rbCubigCaj0BbzkdCdPP&fccid=386daa913fab19f9&vjs=3,Indeed,2025-10-30T23:44:54.440037
junior developers,The ,Not specified,Not specified,"The ability to mentor junior developers.Demonstrated experience collaborating with otherdevelopersand key stakeholders to determine the high-level…View allRF-SMART jobs in Jacksonville, FL-Jacksonville jobs-Python Developer jobs in Jacksonville, FLSalary Search:Python Developer II salaries in Jacksonville, FLSee popularquestions & answers about RF-SMART",Python,Not specified,https://www.indeed.com/jobs?q=python+developer&start=0,Indeed,2025-10-30T23:44:54.451146
Python Developer jobs in Jacksonville,View ,Not specified,Not specified,"View allRF-SMART jobs in Jacksonville, FL-Jacksonville jobs-Python Developer jobs in Jacksonville, FLSalary Search:Python Developer II salaries in Jacksonville, FLSee popularquestions & answers about RF-SMART",Python,Not specified,https://www.indeed.com/jobs?q=python+developer&start=0,Indeed,2025-10-30T23:44:54.454848
Sr. Python Developer,Python ,Not specified,Not specified,"Sr. Python DeveloperRapideagleDenver, CO 80202(North Capitol Hill area)Health insurancePaid time offDental insuranceThe ideal candidate will have a strong background in software development and a passion for creating efficient, scalable applications.View allRapideagle jobs in Denver, CO-Denver jobs-Python Developer jobs in Denver, COSalary Search:Sr. Python Developer salaries in Denver, CO","Python, Api",Not specified,https://www.indeed.com/rc/clk?jk=3edd9354660e5c35&bb=fgpC9DRJHHCl18Ga09kqF_DWJtWMD3bh94cX8i3AVffYQ6zdkrJ-GOWmIRkQVS6MxHpuLqAXg_9hM58EIprIVUak2dz4G3MAF-SvVKKXoLt8KLGq5KS7LqAJ2DDcOcHjTbqXd_HR7H2TS5ZGgaoJag%3D%3D&xkcb=SoAX67M3rbCubigCaj0AbzkdCdPP&fccid=5604d4e9e39992f0&cmp=Rapideagle&ti=Python+Developer&vjs=3,Indeed,2025-10-30T23:44:54.459700
Senior Python Developer,Senior ,Not specified,Not specified,"Senior Python DeveloperHoplite Solutions LLCFort Meade, MDReferral programTuition reimbursement401(k) matchingDisability insurancePaid holidays401(k) 7% MatchYou will work closely with a small team and mission stakeholders to capture requirements, create parsers for network protocols, develop fingerprints and…View allHoplite Solutions LLC jobs in Fort Meade, MD-Fort Meade jobs-Python Developer jobs in Fort Meade, MDSalary Search:Senior Python Developer salaries in Fort Meade, MD",Python,Not specified,https://www.indeed.com/rc/clk?jk=0d503f0c9258a472&bb=vmMNFIz8IYRhfPUMklJLsX1sjqoeT2hMrBfl050aGevr4tp7fVzhpEr9c4huLhrvvvyQm951K6R8YdkqMZPyEU2dofM4c8NT4V0E45KXTUMHulo54te0OLeze2eOiHOygPWNySwqJ5VEZETwTdezPw%3D%3D&xkcb=SoAE67M3rbC71YxjKZ0LbzkdCdPP&fccid=482ce740476f7a4d&vjs=3,Indeed,2025-10-30T23:47:25.378603
Python Developer jobs in Fort Meade,You ,Not specified,Not specified,"You will work closely with a small team and mission stakeholders to capture requirements, create parsers for network protocols, develop fingerprints and…View allHoplite Solutions LLC jobs in Fort Meade, MD-Fort Meade jobs-Python Developer jobs in Fort Meade, MDSalary Search:Senior Python Developer salaries in Fort Meade, MD",Python,Not specified,https://www.indeed.com/jobs?q=python+developer&start=30,Indeed,2025-10-30T23:47:25.388162
Python Developer,Python ,Not specified,Not specified,"Python DeveloperHexagon InfosoftMiddletown, DE 19709Expert inPythoncoding using skillsPythonand JS framework.Able to integrate multiple data sources and databases into one system.View allHexagon Infosoft jobs in Middletown, DE-Middletown jobsSalary Search:Python Developer salaries in Middletown, DE",Python,Not specified,https://www.indeed.com/rc/clk?jk=453d73a669694605&bb=vmMNFIz8IYRhfPUMklJLsYAZ5wMIRmK4bLUhkAjFYk5wZP68IXCRbFesVFnbQk9alw5vM8YMXBEW0yaJTmdA70SX5g_6bGle55SyvBG5Ncvqq1MImr4eG8DKJ4KCF0gGyD_6Vcn3VHq6eUDIV_3Txg%3D%3D&xkcb=SoAt67M3rbC71YxjKZ0JbzkdCdPP&fccid=dc71d2365a348009&vjs=3,Indeed,2025-10-30T23:47:25.389975
Pythoncoding using skillsPythonand JS framework,Expert ,Not specified,Not specified,"Expert inPythoncoding using skillsPythonand JS framework.Able to integrate multiple data sources and databases into one system.View allHexagon Infosoft jobs in Middletown, DE-Middletown jobsSalary Search:Python Developer salaries in Middletown, DE",Python,Not specified,https://www.indeed.com/jobs?q=python+developer&start=30,Indeed,2025-10-30T23:47:25.402213
Senior Python Developer,Senior ,Not specified,Not specified,"Senior Python DeveloperFull VisbilityHuntsville, ALFull Visibility is seeking a SeniorPythonDeveloperto work in Huntsville, AL.Candidate must possess an active Top Secret/SCI eligible clearance.View allFull Visbility jobs in Huntsville, AL-Huntsville jobs-Python Developer jobs in Huntsville, ALSalary Search:Senior Python Developer salaries in Huntsville, AL",Python,Not specified,https://www.indeed.com/rc/clk?jk=99c8d6a9e1b99ddb&bb=vmMNFIz8IYRhfPUMklJLsT8-0xaSzvOFn4daS04fDo-tzxOV6lGKL_NHQnBv1-wujA6hAWN4Pn3iFoFxPcK5x2QxTTnRCkPL_nh7mSCg1-7QSZQvBCwoCY1jUgxlBrIYioL_pDfzldWnNrc2lZ3c1w%3D%3D&xkcb=SoAX67M3rbC71YxjKZ0PbzkdCdPP&fccid=7da3e5408bcf63f7&vjs=3,Indeed,2025-10-30T23:47:25.403920
SeniorPythonDeveloperto work in Huntsville,Full ,Not specified,Not specified,"Full Visibility is seeking a SeniorPythonDeveloperto work in Huntsville, AL.Candidate must possess an active Top Secret/SCI eligible clearance.View allFull Visbility jobs in Huntsville, AL-Huntsville jobs-Python Developer jobs in Huntsville, ALSalary Search:Senior Python Developer salaries in Huntsville, AL",Python,Not specified,https://www.indeed.com/jobs?q=python+developer&start=30,Indeed,2025-10-30T23:47:25.423301
Software Engineer,Software ,Not specified,Not specified,"Software EngineerG2 Ops, Inc.San Diego, CA 92123Tuition reimbursementHealth insurance401(k) matchingPaid time offVision insuranceDental insuranceLooking to Start: September 2025.Openings: 1 Full-Time Role.Proficiency inPython, Groovy, and SQL for data ingestion scripting.View allG2 Ops, Inc. jobs in San Diego, CA-San Diego jobsSalary Search:Software Engineer salaries in San Diego, CASee popularquestions & answers about G2 Ops, Inc.","Python, Sql",Not specified,https://www.indeed.com/rc/clk?jk=c9ce4b212bc52b51&bb=vmMNFIz8IYRhfPUMklJLsUMe7e36xRPeXoDNIhSV_EYWYxB0_z8orRJOIYZSCQWn3y9bTBlUyXk2GuYKNaQDYCf2FnQceDR4ve1s4kZUrZ9NPqsILzrV3RwwYK5ahthJg5a-Ug-r1cJoxgIgNFVXlQ%3D%3D&xkcb=SoCj67M3rbC71YxjKZ0ObzkdCdPP&fccid=f420021c20bb9006&vjs=3,Indeed,2025-10-30T23:47:25.426037
Python,Looking ,Not specified,Not specified,"Looking to Start: September 2025.Openings: 1 Full-Time Role.Proficiency inPython, Groovy, and SQL for data ingestion scripting.View allG2 Ops, Inc. jobs in San Diego, CA-San Diego jobsSalary Search:Software Engineer salaries in San Diego, CASee popularquestions & answers about G2 Ops, Inc.","Python, Sql",Not specified,https://www.indeed.com/jobs?q=python+developer&start=30,Indeed,2025-10-30T23:47:25.438164
Sr. Python Developer AI/ML,Python ,Not specified,Not specified,"Sr. Python Developer AI/MLNewVision Softcom & ConsultancySan Francisco, CAAs an Onsitedeveloper, you will collaborate closely with cross-functional teams throughout the development lifecycle.View allNewVision Softcom & Consultancy jobs in San Francisco, CA-San Francisco jobs-Python Developer jobs in San Francisco, CASalary Search:Sr. Python Developer AI/ML salaries in San Francisco, CA",Python,Not specified,https://www.indeed.com/rc/clk?jk=1a720386f4d7bcc3&bb=vmMNFIz8IYRhfPUMklJLsU91scV41s0zLH_iU7UjwK7-9HWO1spLqFzXD8a80jPpIYfMkA0c4W9iKAv0P9w4FqLvsSfXCSE4Yw8fwj2Gp1zpLpKZu5a9OTb-z08UtMQH3NJZOh1lneXTmg494anAOA%3D%3D&xkcb=SoA-67M3rbC71YxjKZ0NbzkdCdPP&fccid=472ef656033e39f3&vjs=3,Indeed,2025-10-30T23:47:25.441064
developer,Onsitedeveloper,Not specified,Not specified,"As an Onsitedeveloper, you will collaborate closely with cross-functional teams throughout the development lifecycle.View allNewVision Softcom & Consultancy jobs in San Francisco, CA-San Francisco jobs-Python Developer jobs in San Francisco, CASalary Search:Sr. Python Developer AI/ML salaries in San Francisco, CA",Python,Not specified,https://www.indeed.com/jobs?q=python+developer&start=30,Indeed,2025-10-30T23:47:25.454150
Python Developer,Python ,Not specified,Not specified,"Python DeveloperJPLoftDenver, COHealth insuranceCollaborate with front-enddevelopers, designers, and other team members to deliver seamless applications.We are seeking an experiencedPythonDeveloperwith 3…View allJPLoft jobs in Denver, CO-Denver jobsSalary Search:Python Developer salaries in Denver, COSee popularquestions & answers about JPLoft",Python,Not specified,https://www.indeed.com/rc/clk?jk=677a38ca1e7f2c83&bb=vmMNFIz8IYRhfPUMklJLsWoj8Pn7TMBBJyIXlsEmb-1w2D870XrL_5jA_NjvBddrC-MxxiPfJancNYRxMlOw3nQ2XAWJmYLoT_s6oOmny8oBCSmfwtvSPg5-713ps7fhnKvak-LvlpCJl74IHd6igg%3D%3D&xkcb=SoCK67M3rbC71YxjKZ0MbzkdCdPP&fccid=1324021b8dc509e5&vjs=3,Indeed,2025-10-30T23:47:25.457528
developers,Collaborate ,Not specified,Not specified,"Collaborate with front-enddevelopers, designers, and other team members to deliver seamless applications.We are seeking an experiencedPythonDeveloperwith 3…View allJPLoft jobs in Denver, CO-Denver jobsSalary Search:Python Developer salaries in Denver, COSee popularquestions & answers about JPLoft",Python,Not specified,https://www.indeed.com/jobs?q=python+developer&start=30,Indeed,2025-10-30T23:47:25.487900
Senior Python Cloud Developers,Senior ,Not specified,Not specified,"Senior Python Cloud DevelopersBeedata TechnologyRolling Meadows, IL 60008401(k)Health insuranceVision insuranceDental insuranceTrain and mentor junior developers.May also relocation and travel.Once or twice a year to various unanticipated worksites throughout the United States.View allBeedata Technology jobs in Rolling Meadows, IL-Rolling Meadows jobs-Python Developer jobs in Rolling Meadows, ILSalary Search:Senior Python Cloud Developers salaries in Rolling Meadows, IL",Python,Not specified,https://www.indeed.com/rc/clk?jk=49e346ae101f191b&bb=vmMNFIz8IYRhfPUMklJLsb0b0nAlv4ObeaGm6D9hBJrAQIkyGoy1x_9ePg2JehxjAkaLotxNiRGaMPg4CuF1igTqaVriD0EBo0o6m9X3TdQMeMGnJ9CU4AyFXMgoyyIym0nq970Uaa7Q6poo8k8F1Q%3D%3D&xkcb=SoBj67M3rbC71YxjKZ0DbzkdCdPP&fccid=c802673488f38f17&vjs=3,Indeed,2025-10-30T23:47:25.503421
junior developers,Train ,Not specified,Not specified,"Train and mentor junior developers.May also relocation and travel.Once or twice a year to various unanticipated worksites throughout the United States.View allBeedata Technology jobs in Rolling Meadows, IL-Rolling Meadows jobs-Python Developer jobs in Rolling Meadows, ILSalary Search:Senior Python Cloud Developers salaries in Rolling Meadows, IL",Python,Not specified,https://www.indeed.com/jobs?q=python+developer&start=30,Indeed,2025-10-30T23:47:25.608010
Python Software Engineer,Python ,Not specified,Not specified,"Python Software EngineerDurlston PartnersHybrid work in New York, NYA Fixed Income Global Macro fund is seeking a Middle OfficePythonDeveloperto join their team and play a critical role in building and supporting valuations…View allDurlston Partners jobs in New York, NY-New York jobs-Python Developer jobs in New York, NYSalary Search:Python Software Engineer salaries in New York, NY",Python,Not specified,https://www.indeed.com/rc/clk?jk=2d085a2b2485d263&bb=vmMNFIz8IYRhfPUMklJLsQHN7pHRm3rMrId4eAxLLTmz6uQtseemOz1xxepRP9Cum6bkxC49oBBTTIw35yvY1bePI_RAoYtIm3XMUA-3zWOshqK_wO4b4Tlq-wtx64RvXfeKJN2Z8BqsWbAxMzOfTA%3D%3D&xkcb=SoBw67M3rbC71YxjKZ0HbzkdCdPP&fccid=7f5f5c34e9ad5942&vjs=3,Indeed,2025-10-30T23:47:25.639092
PythonDeveloperto join their team and play a critical role in building and supporting valuations,Fixed Inc,Not specified,Not specified,"A Fixed Income Global Macro fund is seeking a Middle OfficePythonDeveloperto join their team and play a critical role in building and supporting valuations…View allDurlston Partners jobs in New York, NY-New York jobs-Python Developer jobs in New York, NYSalary Search:Python Software Engineer salaries in New York, NY",Python,Not specified,https://www.indeed.com/jobs?q=python+developer&start=30,Indeed,2025-10-30T23:47:25.666346
Python Software Engineer,Python ,Not specified,Not specified,"Python Software EngineerDurlston PartnersHybrid work in New York, NYA Fixed Income Global Macro fund is seeking a Middle OfficePythonDeveloperto join their team and play a critical role in building and supporting valuations…View allDurlston Partners jobs in New York, NY-New York jobs-Python Developer jobs in New York, NYSalary Search:Python Software Engineer salaries in New York, NY",Python,Not specified,https://www.indeed.com/viewjob?jk=456789abcdef0123,Indeed,2025-10-30T23:47:25.682703
Senior Python Developer Development,Senior ,Not specified,Not specified,"Senior Python Developer DevelopmentTechnostacksMcKinney, TX 75070Leadership & Team Management: Lead, mentor, and guide a team ofdevelopersin both frontend and backend technologies.FULL TIME – ONSITE ( NO REMOTE ).View allTechnostacks jobs in McKinney, TX-McKinney jobs-Python Developer jobs in McKinney, TXSalary Search:Senior Python Developer Development salaries in McKinney, TX",Python,Not specified,https://www.indeed.com/rc/clk?jk=83c9e39714b28eac&bb=vmMNFIz8IYRhfPUMklJLsQ9nFJuBAPm1X5rgZkh_NKTPPWtquPPU9SQVskUw8WrOx-NxvL2rSRhOOQmWBFB0Kig88KzDY0QPQviHrzy-A2ihoinGZIkOCl613Nsuy7iXVxiT8f37GXiQfHrqirYbDQ%3D%3D&xkcb=SoDE67M3rbC71YxjKZ0GbzkdCdPP&fccid=3635fadb5dd2c39e&vjs=3,Indeed,2025-10-30T23:47:25.793888
developersin both frontend and backend technologies,Leadership ,Not specified,Not specified,"Leadership & Team Management: Lead, mentor, and guide a team ofdevelopersin both frontend and backend technologies.FULL TIME – ONSITE ( NO REMOTE ).View allTechnostacks jobs in McKinney, TX-McKinney jobs-Python Developer jobs in McKinney, TXSalary Search:Senior Python Developer Development salaries in McKinney, TX",Python,Not specified,https://www.indeed.com/jobs?q=python+developer&start=30,Indeed,2025-10-30T23:47:25.862351
Python Developer,Python ,Not specified,Not specified,"Python DeveloperVirtualware InnovationsDallas, TX 75204(M Streets area)Responsible for full-stack technical development of platform and modules using DevOps methodology.Demonstrated experience building robust, resilient platforms…View allVirtualware Innovations jobs in Dallas, TX-Dallas jobsSalary Search:Python Developer salaries in Dallas, TX",Python,Not specified,https://www.indeed.com/rc/clk?jk=04783a07768c0c3f&bb=vmMNFIz8IYRhfPUMklJLsUY0OdSioWLb-TtvYpSjn4tOWgAdR8XCuOe5AVsY-EkFUHcI_a4qrM4_HQY5EJwAuKffNpD0hE4O06zVmLh170rEJ0hil2X9_RQbnhb6rDfr345zbwBHV6aEdkZlKt3Daw%3D%3D&xkcb=SoBZ67M3rbC71YxjKZ0FbzkdCdPP&fccid=57077bd28d6e3f33&vjs=3,Indeed,2025-10-30T23:47:25.880431
Python Developer salaries in Dallas,Responsible ,Not specified,Not specified,"Responsible for full-stack technical development of platform and modules using DevOps methodology.Demonstrated experience building robust, resilient platforms…View allVirtualware Innovations jobs in Dallas, TX-Dallas jobsSalary Search:Python Developer salaries in Dallas, TX",Python,Not specified,https://www.indeed.com/jobs?q=python+developer&start=30,Indeed,2025-10-30T23:47:25.909486
Senior Python Developer,Return ,Not specified,Not specified,"Return to Search ResultJob Post DetailsSenior Python Developer- job postHoplite Solutions LLCFort Meade, MDFull-timeYou must create an Indeed account before continuing to the company website to applyApply on company sitesave-iconProfile insightsFind out how your skills align with the job descriptionLicensesDo you have a validTS/SCI with Polygraphsecurity clearance?YesNoSkillsDo you have experience inVersion control?YesNoEducationDo you have aBachelor's degree in computer science?YesNo&nbsp;Job detailsJob typeFull-time&nbsp;BenefitsPulled from the full job descriptionReferral programTuition reimbursement401(k) matchingDisability insurancePaid holidays401(k) 7% Match&nbsp;Full job descriptionHoplite Solutions is seeking a motivated Senior Python Developer with the right knowledge, skills, and abilities to support a new cybersecurity initiative. You will work closely with a small team and mission stakeholders to capture requirements, create parsers for network protocols, develop fingerpri...","Python, Git",Not specified,https://www.indeed.com/jobs?q=python+developer&start=30,Indeed,2025-10-30T23:47:25.912521
Senior Python Developer,Senior ,Not specified,Not specified,"Senior Python Developer- job postHoplite Solutions LLCFort Meade, MDFull-timeYou must create an Indeed account before continuing to the company website to applyApply on company sitesave-iconProfile insightsFind out how your skills align with the job descriptionLicensesDo you have a validTS/SCI with Polygraphsecurity clearance?YesNoSkillsDo you have experience inVersion control?YesNoEducationDo you have aBachelor's degree in computer science?YesNo&nbsp;Job detailsJob typeFull-time&nbsp;BenefitsPulled from the full job descriptionReferral programTuition reimbursement401(k) matchingDisability insurancePaid holidays401(k) 7% Match&nbsp;Full job descriptionHoplite Solutions is seeking a motivated Senior Python Developer with the right knowledge, skills, and abilities to support a new cybersecurity initiative. You will work closely with a small team and mission stakeholders to capture requirements, create parsers for network protocols, develop fingerprints and signatures to identify suspicio...","Python, Git",Not specified,https://www.indeed.com/jobs?q=python+developer&start=30,Indeed,2025-10-30T23:47:25.968980
Senior Python Developer with the right knowledge,Profile ,Not specified,Not specified,"Profile insightsFind out how your skills align with the job descriptionLicensesDo you have a validTS/SCI with Polygraphsecurity clearance?YesNoSkillsDo you have experience inVersion control?YesNoEducationDo you have aBachelor's degree in computer science?YesNo&nbsp;Job detailsJob typeFull-time&nbsp;BenefitsPulled from the full job descriptionReferral programTuition reimbursement401(k) matchingDisability insurancePaid holidays401(k) 7% Match&nbsp;Full job descriptionHoplite Solutions is seeking a motivated Senior Python Developer with the right knowledge, skills, and abilities to support a new cybersecurity initiative. You will work closely with a small team and mission stakeholders to capture requirements, create parsers for network protocols, develop fingerprints and signatures to identify suspicious and anomalous network activity, and deploy solutions to customer supported tools to automate and enable data and metadata analysis.Mission Focus:Collaborate closely with customers to over...","Python, Git",Not specified,https://www.indeed.com/jobs?q=python+developer&start=30,Indeed,2025-10-30T23:47:26.062548
Python Software Engineer,Python ,Not specified,Not specified,"Python Software EngineerDurlston PartnersHybrid work in New York, NYA Fixed Income Global Macro fund is seeking a Middle OfficePythonDeveloperto join their team and play a critical role in building and supporting valuations…View allDurlston Partners jobs in New York, NY-New York jobs-Python Developer jobs in New York, NYSalary Search:Python Software Engineer salaries in New York, NY",Python,Not specified,https://www.indeed.com/rc/clk?jk=2d085a2b2485d263&bb=A6i9GU5R4W63TeSL2pEVu4Lg62KdwiUVbIGhaful0nRSuuS_PKfV8Fw1m_BNMZ2YW04fC3U2zvaVm4lX6WoOfQHHvgvGLOX1aq6aQ0pEG5QK1Bvmm6OIAbpO2cJsdL2JmPNlnZ-t3o88hJPutkr_ag%3D%3D&xkcb=SoCV67M3rbC4c5RjKZ0JbzkdCdPP&fccid=7f5f5c34e9ad5942&vjs=3,Indeed,2025-10-30T23:47:53.398894
PythonDeveloperto join their team and play a critical role in building and supporting valuations,Fixed Inc,Not specified,Not specified,"A Fixed Income Global Macro fund is seeking a Middle OfficePythonDeveloperto join their team and play a critical role in building and supporting valuations…View allDurlston Partners jobs in New York, NY-New York jobs-Python Developer jobs in New York, NYSalary Search:Python Software Engineer salaries in New York, NY",Python,Not specified,https://www.indeed.com/jobs?q=python+developer&start=40,Indeed,2025-10-30T23:47:53.404469
Senior Python Developer Development,Senior ,Not specified,Not specified,"Senior Python Developer DevelopmentTechnostacksMcKinney, TX 75070Leadership & Team Management: Lead, mentor, and guide a team ofdevelopersin both frontend and backend technologies.FULL TIME – ONSITE ( NO REMOTE ).View allTechnostacks jobs in McKinney, TX-McKinney jobs-Python Developer jobs in McKinney, TXSalary Search:Senior Python Developer Development salaries in McKinney, TX",Python,Not specified,https://www.indeed.com/rc/clk?jk=83c9e39714b28eac&bb=A6i9GU5R4W63TeSL2pEVu2OYnGUo0D73q8-ViTStAYVn7RWxwR0Io8p8Oo2Pg5qx5zj7eo2xuxR4MS8YGrsS8qzNGZM0QegU3xEqk4dJBLoEj_DuhNrHzOjlN36OZWJ1OZRWU0eZBrZvqK9Lzsj7ag%3D%3D&xkcb=SoAh67M3rbC4c5RjKZ0IbzkdCdPP&fccid=3635fadb5dd2c39e&vjs=3,Indeed,2025-10-30T23:47:53.405536
developersin both frontend and backend technologies,Leadership ,Not specified,Not specified,"Leadership & Team Management: Lead, mentor, and guide a team ofdevelopersin both frontend and backend technologies.FULL TIME – ONSITE ( NO REMOTE ).View allTechnostacks jobs in McKinney, TX-McKinney jobs-Python Developer jobs in McKinney, TXSalary Search:Senior Python Developer Development salaries in McKinney, TX",Python,Not specified,https://www.indeed.com/jobs?q=python+developer&start=40,Indeed,2025-10-30T23:47:53.411454
Python Developer,Python ,Not specified,Not specified,"Python DeveloperVirtualware InnovationsDallas, TX 75204(M Streets area)Responsible for full-stack technical development of platform and modules using DevOps methodology.Demonstrated experience building robust, resilient platforms…View allVirtualware Innovations jobs in Dallas, TX-Dallas jobsSalary Search:Python Developer salaries in Dallas, TX",Python,Not specified,https://www.indeed.com/rc/clk?jk=04783a07768c0c3f&bb=A6i9GU5R4W63TeSL2pEVuzTBxYIaKcvUdA6RDEHZ5eEScFg7QhY0vwaEyBh8shXKAGPKPIaTyJEzDVGsYGHbPgXTLBznMBHsD6vyIPSyv8ZIx0v98M0xezQS89zDCYZxKzl2urcsa-QlGS9LufNE2A%3D%3D&xkcb=SoCv67M3rbC4c5RjKZ0PbzkdCdPP&fccid=57077bd28d6e3f33&vjs=3,Indeed,2025-10-30T23:47:53.414421
Python Developer salaries in Dallas,Responsible ,Not specified,Not specified,"Responsible for full-stack technical development of platform and modules using DevOps methodology.Demonstrated experience building robust, resilient platforms…View allVirtualware Innovations jobs in Dallas, TX-Dallas jobsSalary Search:Python Developer salaries in Dallas, TX",Python,Not specified,https://www.indeed.com/jobs?q=python+developer&start=40,Indeed,2025-10-30T23:47:53.421399
Python / Pyspark Developer,Python ,Not specified,Not specified,"Python / Pyspark DeveloperVirtualware InnovationsDallas, TX 75204(M Streets area)3+ years of industry experience, 2+ years of relevant big data experience.Strong programming experience,Python, pyspark , Scala preferred.View allVirtualware Innovations jobs in Dallas, TX-Dallas jobs-Python Developer jobs in Dallas, TXSalary Search:Python / Pyspark Developer salaries in Dallas, TX",Python,Not specified,https://www.indeed.com/rc/clk?jk=5f275baabecf275f&bb=A6i9GU5R4W63TeSL2pEVu3VaARxuHndxnaocii2AikuXtgMdNRWB5XxehpMi1yl25av5VfBhMYE9_o-L6q7J9H5Yx8w12rhoeYZRHajIrN3iDAKsyVeimXWPLVMdN3fdlb4HfiKBPYJTwylp6lRUCA%3D%3D&xkcb=SoAb67M3rbC4c5RjKZ0ObzkdCdPP&fccid=57077bd28d6e3f33&vjs=3,Indeed,2025-10-30T23:47:53.429500
Python,Strong ,Not specified,Not specified,"3+ years of industry experience, 2+ years of relevant big data experience.Strong programming experience,Python, pyspark , Scala preferred.View allVirtualware Innovations jobs in Dallas, TX-Dallas jobs-Python Developer jobs in Dallas, TXSalary Search:Python / Pyspark Developer salaries in Dallas, TX",Python,Not specified,https://www.indeed.com/jobs?q=python+developer&start=40,Indeed,2025-10-30T23:47:53.441260
Python / Pyspark Developer,Python ,Not specified,Not specified,"Python / Pyspark DeveloperVirtualware InnovationsDallas, TX 75204(M Streets area)3+ years of industry experience, 2+ years of relevant big data experience.Strong programming experience,Python, pyspark , Scala preferred.View allVirtualware Innovations jobs in Dallas, TX-Dallas jobs-Python Developer jobs in Dallas, TXSalary Search:Python / Pyspark Developer salaries in Dallas, TX",Python,Not specified,https://www.indeed.com/viewjob?jk=890abcdef0123456,Indeed,2025-10-30T23:47:53.443551
Full stack python developer,Full ,Not specified,Not specified,"Full stack python developerInnovIT USAAustin, TXClient will pay no fees for interviews or discussions, which occur during the process of selecting a Candidate(s).View allInnovIT USA jobs in Austin, TX-Austin jobs-Full Stack Developer jobs in Austin, TXSalary Search:Full stack python developer salaries in Austin, TX",Python,Not specified,https://www.indeed.com/rc/clk?jk=704a2a4994ddef31&bb=A6i9GU5R4W63TeSL2pEVuzQTsGVwOIRw5GA5a-7AwYT___AzSFs5mQ1i4a-5rnXjHBr_SBxuVhvE1l047FpUVivXjvd4z3Ki6Y2Lu16hoSrsN1lc_WeRD_XLNptCR9RNucfmoPSdSKryqpn1g4ajiQ%3D%3D&xkcb=SoAy67M3rbC4c5RjKZ0MbzkdCdPP&fccid=7322f36fffb03aa6&vjs=3,Indeed,2025-10-30T23:47:53.457076
Developer jobs in Austin,Client ,Not specified,Not specified,"Client will pay no fees for interviews or discussions, which occur during the process of selecting a Candidate(s).View allInnovIT USA jobs in Austin, TX-Austin jobs-Full Stack Developer jobs in Austin, TXSalary Search:Full stack python developer salaries in Austin, TX",Python,Not specified,https://www.indeed.com/jobs?q=python+developer&start=40,Indeed,2025-10-30T23:47:53.468978
Lead Engineer - Python (USA),Lead ,Not specified,Not specified,"Lead Engineer - Python (USA)Crest Data SystemsSan Jose, CAThe ideal candidate will take ownership of backend development projects from concept to delivery, ensuring technical excellence and a seamless experience for…View allCrest Data Systems jobs in San Jose, CA-San Jose jobs-Lead Engineer jobs in San Jose, CASalary Search:Lead Engineer - Python (USA) salaries in San Jose, CA",Python,Not specified,https://www.indeed.com/rc/clk?jk=a3388f3442ac6217&bb=A6i9GU5R4W63TeSL2pEVu9KQecF9I7Y_mdLs4KIfL8pHLUfgFIfcV8WH8vvZxmPI5wvxp2U-R2mWn_ZPTjDTDZFGF2Wr7wqQMRMqf3KghsdOY_02g23jLbMDtUgVQc3nQ_pWz0OjeMbJPDAVVNSMdA%3D%3D&xkcb=SoDb67M3rbC4c5RjKZ0DbzkdCdPP&fccid=f19917f83b5e7c7c&vjs=3,Indeed,2025-10-30T23:47:53.470671
Lead Engineer jobs in San Jose,The ,Not specified,Not specified,"The ideal candidate will take ownership of backend development projects from concept to delivery, ensuring technical excellence and a seamless experience for…View allCrest Data Systems jobs in San Jose, CA-San Jose jobs-Lead Engineer jobs in San Jose, CASalary Search:Lead Engineer - Python (USA) salaries in San Jose, CA",Python,Not specified,https://www.indeed.com/jobs?q=python+developer&start=40,Indeed,2025-10-30T23:47:53.484893
Python developer,Python ,Not specified,Not specified,"Python developerInnovIT USAPhiladelphia, PAStrong in SQL skills.Good to have AWS services knowledge – ECS, Glue, , Lambda, Redshift, Athena, Cloudwatch.Good to have Dremio Knowledge.View allInnovIT USA jobs in Philadelphia, PA-Philadelphia jobs-Python Developer jobs in Philadelphia, PASalary Search:Python developer salaries in Philadelphia, PA","Python, Sql, Aws",Not specified,https://www.indeed.com/rc/clk?jk=a0d35c16bfbf9a9b&bb=A6i9GU5R4W63TeSL2pEVu_Etb6zZ4Bo6JCY-bD5lOyRiYHmXHgKjYv1O5GyY47Flpi80HfdyVfRXQSsCvEPifGbUfShqIQi8L0peVLyQ-kWxrJjeolOiVDxwvsid_vz-uKDqeT3vhszq12xz9cI6Uw%3D%3D&xkcb=SoBv67M3rbC4c5RjKZ0CbzkdCdPP&fccid=7322f36fffb03aa6&vjs=3,Indeed,2025-10-30T23:47:53.488382
Python Developer jobs in Philadelphia,Strong ,Not specified,Not specified,"Strong in SQL skills.Good to have AWS services knowledge – ECS, Glue, , Lambda, Redshift, Athena, Cloudwatch.Good to have Dremio Knowledge.View allInnovIT USA jobs in Philadelphia, PA-Philadelphia jobs-Python Developer jobs in Philadelphia, PASalary Search:Python developer salaries in Philadelphia, PA","Python, Sql, Aws",Not specified,https://www.indeed.com/jobs?q=python+developer&start=40,Indeed,2025-10-30T23:47:53.501759
Software Engineer,Software ,Not specified,Not specified,"Software EngineerGoliath PartnersHybrid work in New York, NYThe firm is looking for a Software Engineer with a couple years of experience using C++ andPythonin a professional setting.MS/PhD or similarly related field.View allGoliath Partners jobs in New York, NY-New York jobsSalary Search:Software Engineer salaries in New York, NY",Python,Not specified,https://www.indeed.com/rc/clk?jk=42e3ddd524511788&bb=A6i9GU5R4W63TeSL2pEVu8ddNGiI0RT8wAZox3xByjMmiY0HCU9xM03ks6yS52sCVfOb91YexNYWfxOUlywncgCFxNFIG2Ml_cctuuaS3d4eYUsA04NNwhZtQ1boPBswqa7tApxmKdeHBqjQMOMynw%3D%3D&xkcb=SoBG67M3rbC4c5RjKZ0AbzkdCdPP&fccid=e97fd59de4887454&vjs=3,Indeed,2025-10-30T23:47:53.504366
Software Engineer with a couple years of experience using C,The ,Not specified,Not specified,"The firm is looking for a Software Engineer with a couple years of experience using C++ andPythonin a professional setting.MS/PhD or similarly related field.View allGoliath Partners jobs in New York, NY-New York jobsSalary Search:Software Engineer salaries in New York, NY",Python,Not specified,https://www.indeed.com/jobs?q=python+developer&start=40,Indeed,2025-10-30T23:47:53.508601
Python Developer,Python ,Not specified,Not specified,"Python DeveloperAktraReston, VAAs aPythonDeveloper, you will be responsible for designing, implementing, testing, and maintaining innovative solutions usingPythonprogramming language.View allAktra jobs in Reston, VA-Reston jobsSalary Search:Python Developer salaries in Reston, VA",Python,Not specified,https://www.indeed.com/rc/clk?jk=c2f79bad0c33744f&bb=A6i9GU5R4W63TeSL2pEVu1w7bj4Jmb3ZRsQpjqJd2s6ZvI4Nm1RXd4_htaE6A1TZKLQcncpnugK8nERqQ9WQk3lxdhL0_IU_xvBKztF1KiIFyBeuB4S1aDhHSjodTUNb-vYaCJwLI2C52n-ofFGg1w%3D%3D&xkcb=SoDI67M3rbC4c5RjKZ0HbzkdCdPP&fccid=7c1c670e7849733c&vjs=3,Indeed,2025-10-30T23:47:53.509820
PythonDeveloper,PythonDeveloper,Not specified,Not specified,"As aPythonDeveloper, you will be responsible for designing, implementing, testing, and maintaining innovative solutions usingPythonprogramming language.View allAktra jobs in Reston, VA-Reston jobsSalary Search:Python Developer salaries in Reston, VA",Python,Not specified,https://www.indeed.com/jobs?q=python+developer&start=40,Indeed,2025-10-30T23:47:53.518429
Jr Python Developer,Python ,Not specified,Not specified,"Jr Python DeveloperVeracity SoftwareIselin, NJ 08830Flexible scheduleExperience Life at Veracity Software Private Limited.Whether through mentorship programs, skill-building workshops, or access to cutting-edge technologies, we…View allVeracity Software jobs in Iselin, NJ-Iselin jobs-Junior Python Developer jobs in Iselin, NJSalary Search:Jr Python Developer salaries",Python,Not specified,https://www.indeed.com/rc/clk?jk=e9c3bc0666e56209&bb=A6i9GU5R4W63TeSL2pEVu9KQecF9I7Y_n0TICjTLyyOS1eeFuDPv99HA00h49_nwm7y19k-zKp-gfjGii-8s30suzysFoaydWM8oEOa8Lxx51NDAoqHH9rMd-sSWbTaQHcNfb4ysQt7IzZ7nJxSi_A%3D%3D&xkcb=SoB867M3rbC4c5RjKZ0GbzkdCdPP&fccid=aca244d0c7282091&vjs=3,Indeed,2025-10-30T23:47:53.519505
Software Private Limited,Experience ,Not specified,Not specified,"Experience Life at Veracity Software Private Limited.Whether through mentorship programs, skill-building workshops, or access to cutting-edge technologies, we…View allVeracity Software jobs in Iselin, NJ-Iselin jobs-Junior Python Developer jobs in Iselin, NJSalary Search:Jr Python Developer salaries",Python,Not specified,https://www.indeed.com/jobs?q=python+developer&start=40,Indeed,2025-10-30T23:47:53.523068
Data Engineer : Python+SQL+Data Analysis,Data ,Not specified,Not specified,"Data Engineer : Python+SQL+Data AnalysisOceanFrogsDuluth, GA 30097A. This role will involve end-to-end design & development in the areas ofPythonand backend layer.Python Scraping is a plus.Good time and management skills.View allOceanFrogs jobs in Duluth, GA-Duluth jobs-Data Engineer jobs in Duluth, GASalary Search:Data Engineer : Python+SQL+Data Analysis salaries in Duluth, GA","Python, Sql, Api",Not specified,https://www.indeed.com/rc/clk?jk=96b26dce707bd67d&bb=A6i9GU5R4W63TeSL2pEVu5kXu5IiHW_7pka5onmLI1TuF1ZKnsXLEN_GETg-QtzEoAD86zU7tnaKHUBbpx0jD7bz8itHMD9pSmRkxSkGOVx7hF4JIeSonfDfKdQIbBdAvZFqMOH38fHzY9vYzqFb6w%3D%3D&xkcb=SoDh67M3rbC4c5RjKZ0FbzkdCdPP&fccid=51ab903896b2f7cb&vjs=3,Indeed,2025-10-30T23:47:53.523840
Pythonand backend layer,This ,Not specified,Not specified,"A. This role will involve end-to-end design & development in the areas ofPythonand backend layer.Python Scraping is a plus.Good time and management skills.View allOceanFrogs jobs in Duluth, GA-Duluth jobs-Data Engineer jobs in Duluth, GASalary Search:Data Engineer : Python+SQL+Data Analysis salaries in Duluth, GA","Python, Sql, Api",Not specified,https://www.indeed.com/jobs?q=python+developer&start=40,Indeed,2025-10-30T23:47:53.531032
